{
  "pairwise_per_comm": {
    "0": 0.37625655257477647,
    "1": 0.3839654640764724,
    "2": 0.42534690101757633,
    "3": 0.4493987049028677,
    "4": 0.44014801110083257,
    "5": 0.41646623496762264,
    "6": 0.4254085723095899,
    "7": 0.4019118100524206,
    "8": 0.4165279062596362,
    "9": 0.36756090040086337,
    "10": 0.4122725871106999,
    "11": 0.3979031760715387,
    "12": 0.38156028368794326,
    "13": 0.4357076780758557,
    "14": 0.4249152019734813,
    "15": 0.41329016342892383,
    "16": 0.41275362318840586,
    "17": 0.3915297906602254,
    "18": 0.37951690821256034,
    "19": 0.39845410628019323
  },
  "majority_per_comm": {
    "0": 0.2687943262411347,
    "1": 0.27801418439716313,
    "2": 0.32553191489361705,
    "3": 0.36241134751773046,
    "4": 0.3482269503546099,
    "5": 0.3198581560283688,
    "6": 0.33191489361702126,
    "7": 0.30000000000000004,
    "8": 0.31773049645390067,
    "9": 0.27304964539007087,
    "10": 0.3120567375886525,
    "11": 0.2929078014184397,
    "12": 0.2794326241134752,
    "13": 0.34539007092198587,
    "14": 0.33475177304964543,
    "15": 0.3127659574468085,
    "16": 0.31159420289855067,
    "17": 0.29492753623188406,
    "18": 0.2869565217391304,
    "19": 0.29710144927536236
  },
  "global_pairwise_mean": 0.40754472881762427,
  "global_majority_mean": 0.3096708294788776
}