{
  "pairwise_per_comm": {
    "35": 0.37009551295265586,
    "71": 0.30962453728186146,
    "27": 0.35038363171355497,
    "31": 0.34295900178253114,
    "50": 0.4241582680104517,
    "7": 0.35458069062720227,
    "3": 0.30613110916008196,
    "81": 0.38346883468834686,
    "34": 0.37587761674718195,
    "67": 0.28122723837009544,
    "68": 0.28401198660320814,
    "43": 0.3852802281030028,
    "15": 0.3328797190517998,
    "30": 0.4449180327868853
  },
  "majority_per_comm": {
    "35": 0.2717171717171717,
    "71": 0.21451612903225808,
    "27": 0.2695652173913043,
    "31": 0.23529411764705882,
    "50": 0.3410526315789474,
    "7": 0.24469696969696972,
    "3": 0.2024509803921569,
    "81": 0.2833333333333333,
    "34": 0.2688405797101449,
    "67": 0.18114478114478116,
    "68": 0.1774193548387097,
    "43": 0.2789272030651341,
    "15": 0.23774509803921567,
    "30": 0.36775956284153005
  },
  "global_pairwise_mean": 0.3532568862770614,
  "global_majority_mean": 0.25531879503062255
}