{
  "pairwise_per_comm": {
    "1": 0.43999999999999995,
    "2": NaN,
    "4": 0.438510101010101,
    "5": 0.3952380952380952,
    "6": 0.386583850931677,
    "8": 0.365925925925926,
    "9": 0.3773809523809524,
    "10": NaN,
    "11": 0.4,
    "12": 0.4151033214324354,
    "13": 0.4085537918871252,
    "15": 0.5333333333333333,
    "16": 0.4,
    "17": 0.37983870967741934,
    "18": 0.44678362573099417,
    "19": 0.4627777777777778,
    "20": 0.46,
    "21": 0.43245614035087715,
    "22": 0.40222222222222226,
    "23": 0.5,
    "24": 0.30707070707070705,
    "25": 0.2710239651416122,
    "26": 0.42121863799283155,
    "27": 0.45470085470085475,
    "28": 0.5611111111111111,
    "29": 0.41559454191033135,
    "30": 0.26666666666666666,
    "31": 0.16666666666666666,
    "32": 0.23809523809523808,
    "33": 0.4888888888888889,
    "34": 0.29589490968801313,
    "35": 0.35333333333333333,
    "36": 0.3982932240996757,
    "37": 0.4166666666666667,
    "38": 0.4,
    "39": 0.3974489795918367,
    "40": 0.46068376068376066,
    "41": 0.4238095238095238,
    "42": 0.4093407873282087,
    "44": NaN,
    "45": 0.42121212121212115,
    "46": NaN,
    "47": 0.44479578392621877,
    "48": 0.4338461538461538,
    "49": 0.4547619047619048,
    "51": 0.3797849462365592,
    "53": 0.4225749559082893,
    "54": 0.4095238095238095,
    "55": 0.4013333333333333,
    "56": NaN
  },
  "majority_per_comm": {
    "1": 0.30909090909090914,
    "2": NaN,
    "4": 0.34242424242424246,
    "5": 0.25833333333333336,
    "6": 0.2876190476190476,
    "8": 0.23333333333333334,
    "9": 0.2375,
    "10": NaN,
    "11": 0.2,
    "12": 0.3312236286919832,
    "13": 0.3130952380952381,
    "15": 0.26666666666666666,
    "16": 0.2,
    "17": 0.2708333333333333,
    "18": 0.3456140350877194,
    "19": 0.3625,
    "20": 0.3055555555555556,
    "21": 0.33166666666666667,
    "22": 0.27666666666666667,
    "23": 0.25,
    "24": 0.18333333333333338,
    "25": 0.17407407407407405,
    "26": 0.3204301075268818,
    "27": 0.35384615384615375,
    "28": 0.375,
    "29": 0.30701754385964913,
    "30": 0.13333333333333333,
    "31": 0.08333333333333333,
    "32": 0.14285714285714288,
    "33": 0.2444444444444444,
    "34": 0.19885057471264372,
    "35": 0.21333333333333335,
    "36": 0.29470899470899464,
    "37": 0.3133333333333333,
    "38": 0.2,
    "39": 0.29183673469387755,
    "40": 0.3461538461538462,
    "41": 0.307936507936508,
    "42": 0.32037037037037036,
    "44": NaN,
    "45": 0.3055555555555555,
    "46": NaN,
    "47": 0.34637681159420275,
    "48": 0.35128205128205126,
    "49": 0.325,
    "51": 0.2666666666666666,
    "53": 0.31190476190476185,
    "54": 0.2619047619047619,
    "55": 0.29871794871794877,
    "56": NaN
  },
  "global_pairwise_mean": 0.40353442933540556,
  "global_majority_mean": 0.27541609724537547
}