{
  "pairwise_per_comm": {
    "35": 0.2407476121761836,
    "71": 0.1942534814031377,
    "27": 0.24416027280477406,
    "31": 0.29429590017825313,
    "50": 0.17366181410974246,
    "7": 0.06624383368569414,
    "3": 0.07516827626573018,
    "81": 0.26116918312040266,
    "34": 0.2489533011272142,
    "67": 0.10287913145056003,
    "68": 0.04868676185439803,
    "43": 0.09811993228192105,
    "15": 0.20718466491074042,
    "30": 0.22360655737704918
  },
  "majority_per_comm": {
    "35": 0.16262626262626265,
    "71": 0.13655913978494622,
    "27": 0.18309178743961355,
    "31": 0.20490196078431375,
    "50": 0.12245614035087721,
    "7": 0.04242424242424243,
    "3": 0.04460784313725488,
    "81": 0.18571428571428567,
    "34": 0.17391304347826086,
    "67": 0.06329966329966329,
    "68": 0.025806451612903222,
    "43": 0.05900383141762452,
    "15": 0.14166666666666666,
    "30": 0.1459016393442623
  },
  "global_pairwise_mean": 0.17708076591041433,
  "global_majority_mean": 0.12085521129151264
}